Model,Dataset,RMSE,R2,MAPE
LightGBM,Train,104.74270935629583,-0.10452472162936588,77.62066962218911
LightGBM,Test,118.8997813754213,-0.20561410452414308,43.729958612216144
LightGBM,All,109.2164598127746,-0.13224001729627943,67.3746407121973
RandomForest,Train,94.86374811630392,0.0939995915839007,59.658314681192216
RandomForest,Test,112.65635360363788,-0.08232474632050879,42.34161375147775
RandomForest,All,100.57541695277898,0.039834728881226744,54.42303300476692
