Model,Dataset,RMSE,R2,MAPE
LightGBM,Train,59.35345134981338,-0.08452914462098393,61.5085227687294
LightGBM,Test,59.73672385013235,-0.008724020873150495,69.73749595835214
LightGBM,All,59.46985538083292,-0.05208771023109238,64.00215100800902
RandomForest,Train,57.67864772124058,-0.024187358759646838,56.54309917966477
RandomForest,Test,58.63063298598475,0.02828540230071419,74.06803631739486
RandomForest,All,57.968779086898145,0.00035340776216685743,61.85368619109812
