Model,Dataset,RMSE,R2,MAPE
LightGBM,Train,137.64299216988465,0.0682963237153017,65.78714702323016
LightGBM,Test,161.20170389806682,-0.020598049608504976,78.45719250894444
LightGBM,All,142.66629771151682,0.04770021885180309,68.32115612037303
RandomForest,Train,103.80013344629957,0.4701347688705707,34.57438571113771
RandomForest,Test,159.94794627081663,-0.004784239502387155,79.44150736832835
RandomForest,All,117.20172040557291,0.357313946449093,43.54781004257583
