Model,Dataset,RMSE,R2,MAPE
LightGBM,Train,136.5812200817142,-0.05672245983954061,71.51714373857442
LightGBM,Test,123.84037542108362,-0.08813340183063922,72.73043428431669
LightGBM,All,134.09808512715998,-0.06186812800869812,71.76292285234214
RandomForest,Train,121.87407726850493,0.1586016744593075,52.42282476278132
RandomForest,Test,120.37416007503528,-0.028073492531328625,78.40258432876507
RandomForest,All,121.571730194595,0.12724845133195561,57.68560563949185
