Model,Dataset,RMSE,R2,MAPE
LightGBM,Train,189.80527905459752,0.002222159623078479,84.4855569375957
LightGBM,Test,187.9800803159027,-0.06296125978384715,103.02170712288827
LightGBM,All,189.4397454216741,-0.009974217095470861,88.21214587824198
RandomForest,Train,160.58592811692628,0.28577959760474403,59.885221678716036
RandomForest,Test,180.63742316022058,0.018457218114410034,94.56859605107425
RandomForest,All,164.81320853765644,0.23554467062365114,66.85811939848517
