Model,Dataset,RMSE,R2,MAPE
LightGBM,Train,148.5268695213878,-0.007548951161576056,66.19453555410396
LightGBM,Test,143.0749143686789,-0.019575554560840924,69.71769054828351
LightGBM,All,147.44300761988964,-0.009666601748753001,66.90543923245474
RandomForest,Train,137.45040791895147,0.1371244440579662,58.21596051062507
RandomForest,Test,138.59376338354724,0.043291129957024,65.26269442171802
RandomForest,All,137.6818793019526,0.11959358414544075,59.63785340663198
