Model,Dataset,RMSE,R2,MAPE
LightGBM,Train,146.2208721497853,0.2453961639695036,54.45742480809036
LightGBM,Test,172.17309110900774,0.03793293310530932,57.41785412650695
LightGBM,All,151.83566275783855,0.21344420251198148,55.057005429541825
RandomForest,Train,138.51236360575993,0.3228617463666579,44.544746585415055
RandomForest,Test,180.79387940729663,-0.06082132772261639,61.304983097943364
RandomForest,All,148.05405898669642,0.2521360583663532,47.93922486643342
