Model,Dataset,RMSE,R2,MAPE
LightGBM,Train,56.930405062576526,0.6358732235003057,38.619963759573686
LightGBM,Test,159.50386475792894,0.058987977740555864,77.64446052974573
LightGBM,All,100.18540544968415,0.31521958064042777,50.56623828105493
RandomForest,Train,93.35153887672041,0.02094513018387556,71.29153053874676
RandomForest,Test,169.34535260504094,-0.060716480166897346,85.67617401760755
RandomForest,All,121.76097866069053,-0.011483199422595458,75.69499282819388
