Model,Dataset,RMSE,R2,MAPE
LightGBM,Train,149.15847006430138,-0.09737115587212797,78.05534838721138
LightGBM,Test,169.63561379011801,-0.10469865299906789,73.99427546295911
LightGBM,All,155.78452499886475,-0.09940240126884059,76.7983496249428
RandomForest,Train,129.6791821600189,0.17053469252527775,57.884299692606135
RandomForest,Test,156.98195696691442,0.05396058044210328,88.25435523650042
RandomForest,All,138.70552662249193,0.12844342513220064,67.28455498000193
