Model,Dataset,RMSE,R2,MAPE
LightGBM,Train,115.7824114935151,-0.07403684647811781,69.58539216557902
LightGBM,Test,89.61718777957698,0.004380309534452231,66.31399946702973
LightGBM,All,110.87667562500953,-0.05343721129576173,68.90855229691365
RandomForest,Train,99.02243448663786,0.21440050067960026,55.57846740485144
RandomForest,Test,88.6324884190306,0.026139526350685727,63.491589137651474
RandomForest,All,96.96417508513639,0.19434171596603877,57.215665004741176
