Model,Dataset,RMSE,R2,MAPE
LightGBM,Train,202.50644497835654,0.21624836253227198,60.54255856092367
LightGBM,Test,168.65127380402504,0.011230338544775842,54.955069945896305
LightGBM,All,192.6642296043606,0.17950093153613078,58.81309779912949
RandomForest,Train,226.01863453984825,0.023686587520453384,82.11327179507376
RandomForest,Test,169.087470374071,0.0061090527614330314,69.90545818750492
RandomForest,All,210.05247167054392,0.02471509088676771,78.33466282130249
