Model,Dataset,RMSE,R2,MAPE
LightGBM,Train,191.14959006883882,0.0180924232665709,77.64718969025182
LightGBM,Test,155.15073598952,-0.16109046809802208,103.55508578422518
LightGBM,All,184.51255459292207,-0.002231039394840373,82.82876890904649
RandomForest,Train,160.98523325857067,0.3035403638439823,48.30263077411481
RandomForest,Test,147.20036564615287,-0.045144061304499106,105.64350052922731
RandomForest,All,158.3243057497027,0.26207675681162856,59.7708047251373
