Model,Dataset,RMSE,R2,MAPE
LightGBM,Train,170.90004528512318,0.05724800070167346,77.36904271635315
LightGBM,Test,181.42880671571893,0.006549426250613166,88.3947467216328
LightGBM,All,173.05705060477504,0.04656328915193653,79.57418351740908
RandomForest,Train,139.65706113463804,0.3704374236139494,48.21915761082649
RandomForest,Test,179.12019034871938,0.03167117331817859,86.88311341976991
RandomForest,All,148.39165845128733,0.29897702514479096,55.95194877261517
