Model,Dataset,RMSE,R2,MAPE
LightGBM,Train,148.76829456621286,0.11927671245630345,68.78373435712886
LightGBM,Test,167.30940603755712,0.060467578338312955,67.74116094570809
LightGBM,All,152.77860103936146,0.10569187623870457,68.56860016112141
RandomForest,Train,105.77846745934237,0.5547404406672929,36.404696423372464
RandomForest,Test,153.89468591021856,0.205089371574107,57.726300774112616
RandomForest,All,117.33419070781311,0.47251358121175746,40.80439255923945
