Model,Dataset,RMSE,R2,MAPE
LightGBM,Train,137.9556271359119,0.10305881761913693,62.41582702142783
LightGBM,Test,138.7721072664596,0.13131713785466215,73.69864776807276
LightGBM,All,138.1321388995662,0.11208042280987596,64.8493765942336
RandomForest,Train,133.72213781725046,0.1572636104897681,58.73695229116704
RandomForest,Test,138.49917393095143,0.13473078288849805,68.08460342297575
RandomForest,All,134.76680212258478,0.15481845680932316,60.75311233920422
