Model,Dataset,RMSE,R2,MAPE
LightGBM,Train,67.95955153179973,0.3011447756323281,37.01041644692684
LightGBM,Test,110.91900763482471,-0.014442151085912291,53.5496518956085
LightGBM,All,78.83708002457642,0.1986004706596246,40.44714069600355
RandomForest,Train,78.68355821233412,0.0631842359440481,48.65330606610562
RandomForest,Test,111.65329859321417,-0.027917953727620626,55.75612668962686
RandomForest,All,86.57408715954149,0.03358455043574726,50.129216845019066
