Model,Dataset,RMSE,R2,MAPE
LightGBM,Train,173.89486431573073,0.12364245634496551,66.55541146976913
LightGBM,Test,167.7798779843542,0.10329992847000113,82.26224284655021
LightGBM,All,172.67337444512836,0.11982279039288635,69.7378413565679
RandomForest,Train,166.69628504107445,0.19469636398640788,61.09760941932921
RandomForest,Test,165.16982403611007,0.13098180776081592,82.64885855811976
RandomForest,All,166.38813334399808,0.18273280666855807,65.46420238209069
