旧クラスタID,新クラスタID,中央値
6,0,33.5
3,1,50.4166666666666
1,2,51.29166666666665
2,3,58.8333333333333
5,4,75.75
4,5,93.5833333333333
0,6,100.25
