Model,Dataset,RMSE,R2,MAPE
LightGBM,Train,161.92547822752624,0.06661581583898157,74.74843814774027
LightGBM,Test,128.7953601459736,0.038888914566690636,79.90652498608641
LightGBM,All,155.81040808573107,0.06561224370582952,75.78897439755075
RandomForest,Train,162.25844207495936,0.06277327393808885,73.14065070093433
RandomForest,Test,129.73942872720826,0.024747407790292164,77.51050542291085
RandomForest,All,156.2443176277598,0.06040072652841211,74.02217759009383
