Model,Dataset,RMSE,R2,MAPE
LightGBM,Train,114.19581656490948,0.056877112170250266,63.52053626835386
LightGBM,Test,102.78340242162757,0.07504506654941934,57.26387640107787
LightGBM,All,111.99606654168356,0.06018957462716401,62.263356949228296
RandomForest,Train,100.07117825522657,0.2757543049484408,45.65169855958887
RandomForest,Test,96.24730046775876,0.1889423819973578,57.27612363560822
RandomForest,All,99.31464925469565,0.26097123120501464,47.98744752346193
