Dataset,Accuracy,F1 Score (Weighted)
Train,0.5011026073420677,0.4974383456139771
Test,0.3941908713692946,0.3876951080206734
All,0.4797136038186158,0.4755892893686646
