Model,Dataset,RMSE,R2,MAPE
LightGBM,Train,144.20828388186155,0.14308116255648284,68.32602028325327
LightGBM,Test,147.2940663765154,0.05965624188237917,77.75525141353624
LightGBM,All,145.25897351578132,0.12192258909938769,70.6548122199087
RandomForest,Train,136.7368770473571,0.2295746113053898,55.77951732823823
RandomForest,Test,149.38164484214465,0.032812630519256425,78.0906994509337
RandomForest,All,141.30166634516982,0.1691140218957513,62.35789920672838
