Model,Dataset,RMSE,R2,MAPE
LightGBM,Train,211.60882530472944,0.07173924499165352,73.32439768879847
LightGBM,Test,214.6783852945941,-0.14473347673646164,64.58083495963648
LightGBM,All,212.24209787191717,0.03594551766215082,71.53084635973961
RandomForest,Train,135.35640994298103,0.6201955129530455,31.545270123933072
RandomForest,Test,209.88884493541468,-0.09422456036333426,58.705920486515396
RandomForest,All,153.62197249682563,0.4949374198330613,37.11668558292432
