Model,Dataset,RMSE,R2,MAPE
LightGBM,Train,137.18571519028535,0.06260489770246735,61.83453230811436
LightGBM,Test,127.77256837744102,0.012880581788368262,73.20097501413308
LightGBM,All,135.3554661170713,0.05463572317802856,64.10782084931812
RandomForest,Train,134.50353648401816,0.09890142408711633,59.06330659259195
RandomForest,Test,128.27646527940976,0.005079420172571347,72.69623461452775
RandomForest,All,133.28139919089236,0.08338559858805805,61.7898921969791
