Model,Dataset,RMSE,R2,MAPE
LightGBM,Train,196.44426860691888,-0.06956854385171507,70.92597300354203
LightGBM,Test,183.22247514996968,-0.42509716873075143,82.58786041638899
LightGBM,All,193.82816897574108,-0.10933345032715724,73.29788230784987
RandomForest,Train,172.62919114471407,0.17404123147454076,57.92642267701248
RandomForest,Test,171.3386528659774,-0.24622850820153186,85.21470350121544
RandomForest,All,172.36749154990613,0.1227183502779643,63.47658148871476
