Model,Dataset,RMSE,R2,MAPE
LightGBM,Train,148.22447962888717,-0.09139495108935147,78.851775104762
LightGBM,Test,88.21861257494469,-0.21205126960378284,58.39298030782302
LightGBM,All,137.5148914646534,-0.10060459795004806,74.43909387404966
RandomForest,Train,141.13485597086765,0.010511752176206812,64.13971822842984
RandomForest,Test,89.56583447487297,-0.2493533834728483,48.79125434057277
RandomForest,All,131.73088495137455,-0.009966760563500987,60.829265233009636
