旧クラスタID,新クラスタID,クラスタ名,中央値
8,0,超低価格・小規模店,45.75
2,1,低価格・カジュアル店,52.29166666666665
0,2,低価格・高人口エリア店,55.37499999999995
7,3,中価格・標準店,56.4166666666666
1,4,中価格・ファミリー向け店,63.75
4,5,中高価格・高変動店,68.0
5,6,高価格・ファミリー向け店,78.0833333333333
6,7,高価格・大型店,92.125
3,8,超高価格・超大型店,98.1666666666666
