Model,Dataset,RMSE,R2,MAPE
LightGBM,Train,124.39798463155326,0.09038890117705001,64.3748861512181
LightGBM,Test,127.70283099018727,0.017482820028655754,73.70451940751227
LightGBM,All,125.06594049898395,0.07615987093296439,66.24081280247694
RandomForest,Train,120.82806647776678,0.14184702243866099,56.063213975591
RandomForest,Test,129.21331600272492,-0.005897310076035556,74.09312887068447
RandomForest,All,122.55102417152013,0.11294079637002019,59.669196954609696
