Model,Dataset,RMSE,R2,MAPE
LightGBM,Train,171.5934605555576,-0.08056721528432131,78.18034668325403
LightGBM,Test,220.50379565035422,-0.22519751650545694,71.04971385654959
LightGBM,All,188.17726403080493,-0.12040767642535344,75.96192758161264
RandomForest,Train,153.23777331292914,0.1382486221853605,43.812153125870445
RandomForest,Test,208.1927967064267,-0.09220803462724336,64.77073784600485
RandomForest,All,172.224378108795,0.06150702445070899,50.332601705467795
