Model,Dataset,RMSE,R2,MAPE
LightGBM,Train,20.265916071812804,0.7062285447846461,18.23073631544049
LightGBM,Test,26.55327170138526,0.6329156225871203,18.993522892211576
LightGBM,All,22.38933664502985,0.6794102508132546,18.465439877523895
RandomForest,Train,23.339130314627134,0.6103753251345043,19.31003052849753
RandomForest,Test,31.97206421797187,0.46780452638767855,16.945970340347323
RandomForest,All,26.299000560157005,0.5576707412965682,18.582627393682102
