Model,Dataset,RMSE,R2,MAPE
LightGBM,Train,171.94128159093927,-0.025621028490424136,75.3060254523176
LightGBM,Test,117.61947276278573,-0.04458538000553691,90.39726947280302
LightGBM,All,162.27645097580412,-0.024316084123342296,78.40512020652443
RandomForest,Train,144.98506278118217,0.27075557176007214,48.43067216212905
RandomForest,Test,112.68488876838366,0.04122467790161266,83.29398438414901
RandomForest,All,138.96591391690288,0.24882769760747203,55.59010235057956
