Model,Dataset,RMSE,R2,MAPE
LightGBM,Train,165.90870147921848,-0.03021449047531788,64.71382188266249
LightGBM,Test,218.34179325313917,-0.056513421762523386,79.15067002928419
LightGBM,All,178.32385406609254,-0.037638091410424845,67.77618361073378
RandomForest,Train,162.61629092314183,0.010268419717073263,56.956437690407256
RandomForest,Test,213.61815245591725,-0.01129435285488678,89.92917495873164
RandomForest,All,174.6836547941826,0.004292995914611408,63.95065468671848
