Model,Dataset,RMSE,R2,MAPE
LightGBM,Train,115.24977422459543,0.08281460701863075,43.497130136216086
LightGBM,Test,237.49382655279135,-0.10645479373775024,61.540730952741065
LightGBM,All,148.2262841432411,0.01309052860437343,47.13278104700844
RandomForest,Train,103.11776215115495,0.26575005627441184,33.26433394214761
RandomForest,Test,231.47420412175825,-0.051076252101835085,70.27484759325789
RandomForest,All,138.87685114088717,0.133663533085002,40.72167624498327
