Model,Dataset,RMSE,R2,MAPE
LightGBM,Train,103.42364905630373,-0.07813400197164966,64.86153981749207
LightGBM,Test,177.77040987770732,-0.10674125369509424,57.52035101125655
LightGBM,All,131.7130141561981,-0.08342680001332714,62.52570701550805
RandomForest,Train,59.440596470665064,0.643877554471616,29.477384273249186
RandomForest,Test,173.10008148164425,-0.049353210658642066,57.815161014884076
RandomForest,All,109.28345859496214,0.25415074608463595,38.49394960013304
