クラスタ,データ数,平均,標準偏差,Min,5%,10%,25%,50%(中央値),75%,90%,95%,Max
0,393,100.81997455470727,141.0903845880756,20.0,21.6666666666666,23.51666666666666,30.4166666666666,45.0,105.833333333333,232.15,405.3166666666656,950.166666666666
1,4994,124.60839674275786,158.69333133648718,20.0,22.0,24.0,34.0,62.0,137.770833333333,308.9249999999996,467.9916666666658,996.0
2,1158,105.97884283246968,145.75274167901986,20.0,22.0,24.05833333333331,32.0,52.5,108.79166666666626,232.64999999999998,396.31249999999983,994.666666666666
3,411,95.47404703974038,124.38384652747722,20.0,21.66666666666665,23.6666666666666,30.54166666666665,52.5833333333333,101.458333333333,208.0,325.0,889.083333333333
4,820,130.35365853658521,164.12407848034238,20.0,22.0,24.0833333333333,34.14583333333327,63.9583333333333,153.9374999999995,312.88333333333344,482.5458333333328,989.166666666666
5,1492,129.1181858802501,156.13497447718157,20.0,22.6666666666666,25.84999999999997,38.37499999999995,68.5,146.708333333333,293.9416666666666,479.8291666666664,976.0
