Model,Dataset,RMSE,R2,MAPE
LightGBM,Train,81.0551132904912,0.6029576478102425,34.660293998976464
LightGBM,Test,111.08218526469751,0.2250462687883127,118.59239428729553
LightGBM,All,87.88512666579942,0.5296899491749614,51.44671405664029
RandomForest,Train,108.12790349687569,0.2934359027400555,48.870301042534955
RandomForest,Test,123.13630948421539,0.047731956420589916,81.48694792742134
RandomForest,All,111.29162122272373,0.2458140596739512,55.3936304195122
