Model,Dataset,RMSE,R2,MAPE
LightGBM,Train,107.0037381344543,-0.003650713409147688,55.293366950786684
LightGBM,Test,170.7306735625593,-0.12323438212160065,76.55557305048363
LightGBM,All,122.97646582538003,-0.03413580354659085,59.70627765072379
RandomForest,Train,105.64502342995979,0.021675824769813445,51.84293090690334
RandomForest,Test,170.916385074584,-0.1256792972809797,79.59370142808714
RandomForest,All,122.09593340223985,-0.019379644979072186,57.60252478865846
