Model,Dataset,RMSE,R2,MAPE
LightGBM,Train,96.8781273818667,-0.06999105750504686,64.78717768948434
LightGBM,Test,111.48818926681562,-0.04701112587523815,66.5920572893579
LightGBM,All,99.97109842955821,-0.06411660822356446,65.14815360945906
RandomForest,Train,93.2379792808093,0.00890706025018373,58.85954800450952
RandomForest,Test,111.1773520995192,-0.04118097856448921,67.87743105281552
RandomForest,All,97.09138658123588,-0.003694860680878209,60.663124614170705
