Model,Dataset,RMSE,R2,MAPE
LightGBM,Train,118.46825548148517,0.5606414065008872,28.697714807018983
LightGBM,Test,48.557596561233524,0.5796905529149401,54.301614752247886
LightGBM,All,107.9634306198662,0.5642931908728527,33.91332405512116
RandomForest,Train,157.55946584747483,0.22285127578872688,54.849809777097924
RandomForest,Test,63.371712050341316,0.28411103685116657,57.973645290428536
RandomForest,All,143.47861369415364,0.23048810334596015,55.48614664092453
