Model,Dataset,RMSE,R2,MAPE
LightGBM,Train,126.59385973446011,-0.09286481392046331,76.2347797762144
LightGBM,Test,131.21594971346934,-0.09453796237265455,79.39597463189536
LightGBM,All,127.59293536433773,-0.09323582874358105,76.90847704053982
RandomForest,Train,123.35603581753406,-0.037676471876274986,70.87496432698886
RandomForest,Test,132.24394282682886,-0.11175515301732286,78.59958335535117
RandomForest,All,125.30305171225304,-0.05434779781128274,72.52119461172171
