Model,Dataset,RMSE,R2,MAPE
LightGBM,Train,159.61459628813773,-0.048281432136911384,84.27284420798918
LightGBM,Test,121.33771937936811,-0.023855763361935622,95.93896446604914
LightGBM,All,152.5797646056601,-0.04234216523438228,86.65536172548029
RandomForest,Train,122.05845347621496,0.3869887966188169,47.89184086953088
RandomForest,Test,113.55889351156848,0.10321274383333112,91.55016353303759
RandomForest,All,120.3714062227259,0.3512713270951666,56.80797718813436
