Model,Dataset,RMSE,R2,MAPE
LightGBM,Train,198.39229971792997,0.16139247624032738,76.48281453619774
LightGBM,Test,211.1563179288044,-0.11070983538191448,110.83347147542919
LightGBM,All,201.0766257194735,0.11857381638997477,83.52910313911698
RandomForest,Train,172.54098415375626,0.3657015168760499,59.48491345316995
RandomForest,Test,211.93470572700303,-0.11891377183612639,95.62556344888748
RandomForest,All,181.3208435221573,0.2832656288420242,66.89838011895813
