Model,Dataset,RMSE,R2,MAPE
LightGBM,Train,172.96309322320732,-0.06720714398676475,88.35295670019543
LightGBM,Test,147.06893629435555,-0.1907688874076332,80.85302802514435
LightGBM,All,168.10365759977552,-0.08373032900095523,86.85297096518524
RandomForest,Train,167.01024368687948,0.0049886006784944925,77.5497908690654
RandomForest,Test,144.52652064924067,-0.14995453763965005,80.63600564372324
RandomForest,All,162.76215847449237,-0.01595338812083469,78.16703382399702
