Model,Dataset,RMSE,R2,MAPE
LightGBM,Train,55.213237594237235,0.016381732922233216,48.49431529616401
LightGBM,Test,47.678190363114666,0.053659813403585166,50.52537892506168
LightGBM,All,53.762741838077496,0.024291739153117775,48.908415647686844
RandomForest,Train,51.36957891429034,0.14856368612363346,38.718313601399274
RandomForest,Test,48.52969553643529,0.019555782072162242,51.76825637950788
RandomForest,All,50.80345877570733,0.1287481262353466,41.37898154645055
