Model,Dataset,RMSE,R2,MAPE
LightGBM,Train,148.3123295381349,-0.06741546863955783,71.28683636564581
LightGBM,Test,144.67066260212118,-0.03885449272560071,81.55907206678937
LightGBM,All,147.5662547685489,-0.06062724970561084,73.41212651071002
RandomForest,Train,143.2896333472862,0.0036578070531704254,64.60518580666995
RandomForest,Test,147.52678573834655,-0.08027802482371338,79.16515188453178
RandomForest,All,144.17650253722437,-0.012459460978935244,67.61759258139992
