Model,Dataset,RMSE,R2,MAPE
LightGBM,Train,176.02412131702857,0.12740586608709725,75.09661861651945
LightGBM,Test,186.73600017550777,-0.09700384010342433,79.71036584137666
LightGBM,All,178.21801194226987,0.09019314591400818,76.0193680614909
RandomForest,Train,158.40485739057888,0.2933491126916511,51.73220208820217
RandomForest,Test,182.6017830885071,-0.04896759418845287,81.72955762824257
RandomForest,All,163.53091852418666,0.23397001965994202,57.731673196210224
