Model,Dataset,RMSE,R2,MAPE
LightGBM,Train,188.80786013475156,0.10580028111968265,80.87527359996473
LightGBM,Test,212.6772835176017,-0.045977796293278805,101.56694576847019
LightGBM,All,193.83803724458733,0.07329134108003665,85.03116815148915
RandomForest,Train,185.28089762913345,0.13889585287471995,74.03421168509267
RandomForest,Test,213.3864034785519,-0.05296453478480245,99.13076652095913
RandomForest,All,191.25759916213678,0.09780043488417278,79.07482100149016
