Model,Dataset,RMSE,R2,MAPE
LightGBM,Train,86.34105018936603,-0.07847793184496488,61.789775617463036
LightGBM,Test,22.23711370975918,-0.11129353120226604,50.97374761555036
LightGBM,All,73.25770015025086,-0.038996154304795194,58.54496721688922
RandomForest,Train,86.72766705506137,-0.08815794571807922,59.699080350053514
RandomForest,Test,21.835869897247225,-0.0715512535742362,48.91461376365141
RandomForest,All,73.54062365264765,-0.04703692175340346,56.4637403741328
