Model,Dataset,RMSE,R2,MAPE
LightGBM,Train,152.01632484146157,-0.07854962059949333,61.98245481492059
LightGBM,Test,91.46109435171354,-0.26344962203556577,48.09949917140979
LightGBM,All,135.37791516341923,-0.10242459699400075,57.47987460621437
RandomForest,Train,151.8645867284287,-0.07639754376657937,63.26572386986975
RandomForest,Test,91.20407856847022,-0.2563587330007038,48.278292573707766
RandomForest,All,135.2065012155526,-0.09963460993070927,58.40493534138478
