Model,Dataset,RMSE,R2,MAPE
LightGBM,Train,155.40510480839282,0.15994854993026342,70.77471761757931
LightGBM,Test,153.394721893806,0.0392931753172191,82.22228565103418
LightGBM,All,155.00464792981535,0.1392008103920035,73.0668965486087
RandomForest,Train,155.74442560040504,0.156276107921834,70.86208076035697
RandomForest,Test,154.11694461779544,0.030225357440792577,83.40848838385978
RandomForest,All,155.41991504971884,0.1345823626741337,73.37428345097688
