Model,Dataset,RMSE,R2,MAPE
LightGBM,Train,187.76602307968543,0.01654928725200011,83.71853646592638
LightGBM,Test,171.1455051547801,-0.016785353005677184,90.88447143483626
LightGBM,All,184.55921923015606,0.011234444242387731,85.15282252948884
RandomForest,Train,174.47303223175433,0.15086801262229954,68.82491884473167
RandomForest,Test,169.78450085555434,-0.000678043290714303,89.35708813931473
RandomForest,All,173.54474630915527,0.1257315978928899,72.9345018093683
