Model,Dataset,RMSE,R2,MAPE
LightGBM,Train,157.33558077754722,-0.044747796083538516,72.94614279422449
LightGBM,Test,226.91136213338515,-0.22943486219872278,74.03758184333869
LightGBM,All,173.81156679400746,-0.08043524350769427,73.16888545730905
RandomForest,Train,124.72656698954988,0.34343835853192406,41.75256100890209
RandomForest,Test,216.00170614465495,-0.11405697311389296,73.21322591468716
RandomForest,All,147.998849594327,0.21664598696196158,48.173104867225554
