Model,Dataset,RMSE,R2,MAPE
LightGBM,Train,123.36189393383107,0.14202438376836268,65.1531386154334
LightGBM,Test,162.2956112261086,-0.03492134942763103,67.40565944568776
LightGBM,All,132.11421086488974,0.09774729023894224,65.60600556557196
RandomForest,Train,113.55223529041334,0.27305046310379744,52.04228255075426
RandomForest,Test,160.93841668795903,-0.017684695116671145,66.6125873135409
RandomForest,All,124.53580480331587,0.1982894689090039,54.97162703977606
