Model,Dataset,RMSE,R2,MAPE
LightGBM,Train,134.7102854237895,0.17756017218001952,58.05589549056557
LightGBM,Test,62.374046342762284,0.11197708293532105,94.08840678227904
LightGBM,All,123.33585168532014,0.19807231613454834,65.47435369768304
RandomForest,Train,133.6479843538174,0.19048025277819636,61.03406725642394
RandomForest,Test,63.532425179948184,0.07868699025082704,96.83678903848627
RandomForest,All,122.53723849776208,0.2084238333568933,68.40521585861322
