Model,Dataset,RMSE,R2,MAPE
LightGBM,Train,101.60861074074532,0.20195110338244093,60.95485754329003
LightGBM,Test,185.2029996432609,0.05883489461909075,79.12976639901056
LightGBM,All,123.34552896445152,0.14315817179350543,64.6615823757067
RandomForest,Train,77.3811350974122,0.5371517066487117,33.65588948805134
RandomForest,Test,175.01362158422606,0.15954689184207005,74.14249640221831
RandomForest,All,104.94520651415726,0.37973246790615,41.913026424493296
