Model,Dataset,RMSE,R2,MAPE
LightGBM,Train,52.35897524674387,-0.05224972133615435,49.94612698063694
LightGBM,Test,36.33303957238728,-0.003120687267700095,69.22450428150981
LightGBM,All,47.8456622358513,-0.03338550294390008,56.08015612182376
RandomForest,Train,52.12281744408407,-0.04277907850913465,48.68390949575181
RandomForest,Test,36.28418734082746,-0.00042497341521530174,68.50467162029855
RandomForest,All,47.65768908272714,-0.02528164792467935,54.99051562628938
