旧クラスタID,新クラスタID,中央値
2,0,43.74999999999997
0,1,52.0
4,2,62.16666666666665
3,3,84.1666666666666
1,4,107.166666666666
