Model,Dataset,RMSE,R2,MAPE
LightGBM,Train,144.91639203453437,0.11311522736153945,69.03152430909041
LightGBM,Test,155.68252561532537,0.046258090059433155,75.25868288242307
LightGBM,All,147.1335685143001,0.09916948212145071,70.27747301492118
RandomForest,Train,121.97593062236355,0.37168062337919605,44.01346757073887
RandomForest,Test,156.25048059886393,0.03928658775163074,75.76556037648126
RandomForest,All,129.56132279074762,0.301493742915081,50.366522254162625
