Model,Dataset,RMSE,R2,MAPE
LightGBM,Train,49.738073314627165,0.22704513205569177,46.3460282657109
LightGBM,Test,71.0765861875848,0.007199818181675033,48.622806991601315
LightGBM,All,54.74973275372386,0.1639525237715601,46.808498944407404
RandomForest,Train,43.78222875004224,0.40107567545973355,39.79839471423655
RandomForest,Test,71.29002161768507,0.001228318989741406,47.73620096151673
RandomForest,All,50.594981013378174,0.2860269688692969,41.410761608215324
