Model,Dataset,RMSE,R2,MAPE
LightGBM,Train,158.4273853202331,0.05347291015953792,75.62798586375698
LightGBM,Test,223.82595484824273,-0.05495088534382875,113.01360461665327
LightGBM,All,173.89893051481152,0.022004834481709423,83.31722660016825
RandomForest,Train,133.94191567772373,0.3234411944749602,52.989256712212615
RandomForest,Test,212.41523866061144,0.04987074870700303,117.03228957769434
RandomForest,All,153.3968961767456,0.23901511586094637,66.16122801078687
