Model,Dataset,RMSE,R2,MAPE
LightGBM,Train,179.39392277980136,-0.12283365009119951,106.58425032478178
LightGBM,Test,38.55693983610841,-0.14599718758208202,88.23480208637079
LightGBM,All,151.26301649903033,-0.06431633539534798,101.02381146465724
RandomForest,Train,176.02055515691393,-0.08100260128601589,99.64219656060736
RandomForest,Test,39.06498738938456,-0.17639674226759983,87.13566337170879
RandomForest,All,148.5153962700793,-0.026001913680925748,95.85233801851668
