Model,Dataset,RMSE,R2,MAPE
LightGBM,Train,212.383465842494,-0.12652943641815595,94.74223952621372
LightGBM,Test,111.14438025480668,-0.05462979096894216,81.95212873225002
LightGBM,All,187.5670121524617,-0.10282882361409373,90.86644837652774
RandomForest,Train,201.77664320039446,-0.01681729033967483,76.77069985649801
RandomForest,Test,107.83597029530571,0.00722160188935328,79.57781951873145
RandomForest,All,178.60602325716147,2.903697198775035e-05,77.62134217838698
