Model,Dataset,RMSE,R2,MAPE
LightGBM,Train,118.45105761073077,0.6928952564308941,40.18980667185075
LightGBM,Test,83.46563885398895,0.4903308687148469,99.2311171129721
LightGBM,All,112.0471510405661,0.6855357126263035,52.52679691327909
RandomForest,Train,148.8429496130839,0.5150854953757484,52.84586253720741
RandomForest,Test,85.6923431241814,0.46277412326486134,123.80449981726859
RandomForest,All,138.0557069482804,0.5226043880800413,67.67304047632466
