Model,Dataset,RMSE,R2,MAPE
LightGBM,Train,131.61350263820074,0.03670138269653411,63.814620447183316
LightGBM,Test,114.93396585814922,0.05588099667719071,69.68853578496135
LightGBM,All,128.44253378480298,0.04151644977823976,64.99250320621005
RandomForest,Train,92.92442083655916,0.5198026395441335,29.329875483182064
RandomForest,Test,112.05462821553435,0.1025927946658689,65.8121977544188
RandomForest,All,97.06325573758643,0.4526354786594148,36.645591822533
