Model,Dataset,RMSE,R2,MAPE
LightGBM,Train,210.2601369076465,-0.18030546879231935,126.8233210190123
LightGBM,Test,81.54311362795667,-0.09914239959359983,101.66725222636015
LightGBM,All,179.72212540540409,-0.14464515802445654,118.84700652378113
RandomForest,Train,189.89059055624395,0.0373078645388083,98.10598248814236
RandomForest,Test,70.72140405369821,0.17323681662817614,83.2594686716794
RandomForest,All,161.89848818782363,0.07113335003222843,93.39855127804434
